{
  "resources": [
    "snd\\audio_sprites.ogg",
    "snd\\audio_sprites.m4a",
    "snd\\audio_sprites.mp3",
    "snd\\audio_sprites.ac3"
  ],
  "spritemap": {
    "silence": {
      "start": 0,
      "end": 3,
      "loop": true
    },
    "beep": {
      "start": 4,
      "end": 4.237392290249433,
      "loop": false
    },
    "bounce": {
      "start": 6,
      "end": 7.499841269841269,
      "loop": false
    },
    "burn": {
      "start": 9,
      "end": 10.17814058956916,
      "loop": false
    },
    "crumble": {
      "start": 12,
      "end": 14.141111111111112,
      "loop": false
    },
    "drag_0": {
      "start": 16,
      "end": 17.39170068027211,
      "loop": false
    },
    "drag_1": {
      "start": 19,
      "end": 20.109818594104308,
      "loop": false
    },
    "drag_2": {
      "start": 22,
      "end": 23.507437641723357,
      "loop": false
    },
    "hit_0": {
      "start": 25,
      "end": 25.874081632653063,
      "loop": false
    },
    "hit_1": {
      "start": 27,
      "end": 28.68984126984127,
      "loop": false
    },
    "oomee_giggle_0": {
      "start": 30,
      "end": 30.75639455782313,
      "loop": false
    },
    "oomee_giggle_1": {
      "start": 32,
      "end": 32.379183673469385,
      "loop": false
    },
    "oomee_giggle_2": {
      "start": 34,
      "end": 34.864875283446715,
      "loop": false
    },
    "oomee_giggle_3": {
      "start": 36,
      "end": 36.55,
      "loop": false
    },
    "oomee_giggle_4": {
      "start": 38,
      "end": 38.81448979591837,
      "loop": false
    },
    "oomee_giggle_5": {
      "start": 40,
      "end": 40.41063492063492,
      "loop": false
    },
    "oomee_giggle_6": {
      "start": 42,
      "end": 42.62074829931973,
      "loop": false
    },
    "oomee_giggle_7": {
      "start": 44,
      "end": 44.32721088435374,
      "loop": false
    },
    "pop_0": {
      "start": 46,
      "end": 46.47575963718821,
      "loop": false
    },
    "pop_1": {
      "start": 48,
      "end": 48.46417233560091,
      "loop": false
    },
    "pop_2": {
      "start": 50,
      "end": 50.116303854875284,
      "loop": false
    },
    "temple_epic_long": {
      "start": 52,
      "end": 58.321927437641726,
      "loop": false
    },
    "temple_epic_short": {
      "start": 60,
      "end": 65.92861678004535,
      "loop": false
    },
    "temple_loose": {
      "start": 67,
      "end": 71.8272335600907,
      "loop": false
    },
    "temple_music_0": {
      "start": 73,
      "end": 102.09503401360544,
      "loop": false
    },
    "temple_music_1": {
      "start": 104,
      "end": 133.09503401360544,
      "loop": false
    },
    "temple_music_2": {
      "start": 135,
      "end": 164.09503401360544,
      "loop": false
    },
    "temple_win": {
      "start": 166,
      "end": 170.3362358276644,
      "loop": false
    },
    "temple_win_comp": {
      "start": 172,
      "end": 174.99290249433108,
      "loop": false
    },
    "coin": {
      "start": 176,
      "end": 177.24995464852609,
      "loop": false
    },
    "flame": {
      "start": 179,
      "end": 179.99820861678003,
      "loop": false
    },
    "select_accessories": {
      "start": 181,
      "end": 181.64993197278912,
      "loop": false
    },
    "start_audio": {
      "start": 183,
      "end": 183.15673469387755,
      "loop": false
    },
    "swish_1": {
      "start": 185,
      "end": 185.39795918367346,
      "loop": false
    }
  },
  "autoplay": "silence"
}